,completed_at,course_id,module_id,items_count,module_name,module_position,state,unlock_at,student_id,student_name,items_id,items_title,items_position,items_indent,items_type,items_module_id,item_cp_req_type,item_cp_req_completed,course_name
0,2019-06-25 22:29,2591,8135,3,Module 1: Course Introduction,1,completed,,1001,student01,85224,Introduction Text,1,0,Page,8135,must_mark_done,TRUE,Canvas-Sandbox-Course
1,2019-06-25 22:29,2591,8135,3,Module 1: Course Introduction,1,completed,,1001,student01,85225,Important Info Moving Foreward,2,0,Page,8135,must_mark_done,TRUE,Canvas-Sandbox-Course
2,2019-06-25 22:29,2591,8135,3,Module 1: Course Introduction,1,completed,,1001,student01,85262,Quiz 1 - Past Experience,3,1,Quiz,8135,must_submit,TRUE,Canvas-Sandbox-Course
3,,2591,8136,4,Module 2: How to Design Data,2,started,,1001,student01,85263,Designing Data,1,0,Page,8136,must_view,FALSE,Canvas-Sandbox-Course
4,,2591,8136,4,Module 2: How to Design Data,2,started,,1001,student01,85228,Talk About It.,2,0,Discussion,8136,must_contribute,TRUE,Canvas-Sandbox-Course
5,,2591,8136,4,Module 2: How to Design Data,2,started,,1001,student01,85258,a1 - Data Assignment,3,0,Assignment,8136,must_view,TRUE,Canvas-Sandbox-Course
6,,2591,8136,4,Module 2: How to Design Data,2,started,,1001,student01,85264,Generic Quiz,4,1,Quiz,8136,must_submit,TRUE,Canvas-Sandbox-Course
7,,2591,8137,3,Module 3: How to Design Functions,3,started,,1001,student01,85275,Designing Functions,1,0,Page,8137,must_view,FALSE,Canvas-Sandbox-Course
8,,2591,8137,3,Module 3: How to Design Functions,3,started,,1001,student01,85231,This is a pdf.pdf,2,0,File,8137,must_view,TRUE,Canvas-Sandbox-Course
9,,2591,8137,3,Module 3: How to Design Functions,3,started,,1001,student01,85276,Another Quiz,3,1,Quiz,8137,must_submit,FALSE,Canvas-Sandbox-Course
10,,2591,8169,4,Module 4: Intro to Object Orientation,4,unlocked,,1001,student01,85277,OOP,1,0,Page,8169,must_view,FALSE,Canvas-Sandbox-Course
11,,2591,8169,4,Module 4: Intro to Object Orientation,4,unlocked,,1001,student01,85278,OOP (continued),2,0,Page,8169,must_view,FALSE,Canvas-Sandbox-Course
12,,2591,8169,4,Module 4: Intro to Object Orientation,4,unlocked,,1001,student01,85274,This is a pdf.pdf,3,0,File,8169,must_view,FALSE,Canvas-Sandbox-Course
13,,2591,8169,4,Module 4: Intro to Object Orientation,4,unlocked,,1001,student01,85279,a2 - Object Orientation,4,0,Assignment,8169,must_submit,FALSE,Canvas-Sandbox-Course
14,,2591,8170,2,Module 5: Data Hierarchies,5,started,,1001,student01,85281,Data Hierarchies,1,0,Page,8170,must_view,FALSE,Canvas-Sandbox-Course
15,,2591,8170,2,Module 5: Data Hierarchies,5,started,,1001,student01,85270,Hardest Quiz Ever -- AVERAGE SCORE KEPT,2,0,Quiz,8170,must_submit,TRUE,Canvas-Sandbox-Course
16,,2591,8171,4,Module 6: Designing Software,6,unlocked,,1001,student01,85280,Designing Software,1,0,Page,8171,must_view,FALSE,Canvas-Sandbox-Course
17,,2591,8171,4,Module 6: Designing Software,6,unlocked,,1001,student01,85283,Quiz 2 - 3 Attempts,2,0,Quiz,8171,must_submit,FALSE,Canvas-Sandbox-Course
18,,2591,8171,4,Module 6: Designing Software,6,unlocked,,1001,student01,85282,Ethics Discussion Board,3,0,Discussion,8171,,,Canvas-Sandbox-Course
19,,2591,8171,4,Module 6: Designing Software,6,unlocked,,1001,student01,85285,Nobody Has Done This Item,4,0,Page,8171,must_view,FALSE,Canvas-Sandbox-Course
20,2019-06-25 22:11,2591,8135,3,Module 1: Course Introduction,1,completed,,1002,student02,85224,Introduction Text,1,0,Page,8135,must_mark_done,TRUE,Canvas-Sandbox-Course
21,2019-06-25 22:11,2591,8135,3,Module 1: Course Introduction,1,completed,,1002,student02,85225,Important Info Moving Foreward,2,0,Page,8135,must_mark_done,TRUE,Canvas-Sandbox-Course
22,2019-06-25 22:11,2591,8135,3,Module 1: Course Introduction,1,completed,,1002,student02,85262,Quiz 1 - Past Experience,3,1,Quiz,8135,must_submit,TRUE,Canvas-Sandbox-Course
23,,2591,8136,4,Module 2: How to Design Data,2,started,,1002,student02,85263,Designing Data,1,0,Page,8136,must_view,FALSE,Canvas-Sandbox-Course
24,,2591,8136,4,Module 2: How to Design Data,2,started,,1002,student02,85228,Talk About It.,2,0,Discussion,8136,must_contribute,TRUE,Canvas-Sandbox-Course
25,,2591,8136,4,Module 2: How to Design Data,2,started,,1002,student02,85258,a1 - Data Assignment,3,0,Assignment,8136,must_view,TRUE,Canvas-Sandbox-Course
26,,2591,8136,4,Module 2: How to Design Data,2,started,,1002,student02,85264,Generic Quiz,4,1,Quiz,8136,must_submit,TRUE,Canvas-Sandbox-Course
27,,2591,8137,3,Module 3: How to Design Functions,3,started,,1002,student02,85275,Designing Functions,1,0,Page,8137,must_view,FALSE,Canvas-Sandbox-Course
28,,2591,8137,3,Module 3: How to Design Functions,3,started,,1002,student02,85231,This is a pdf.pdf,2,0,File,8137,must_view,TRUE,Canvas-Sandbox-Course
29,,2591,8137,3,Module 3: How to Design Functions,3,started,,1002,student02,85276,Another Quiz,3,1,Quiz,8137,must_submit,FALSE,Canvas-Sandbox-Course
30,,2591,8169,4,Module 4: Intro to Object Orientation,4,unlocked,,1002,student02,85277,OOP,1,0,Page,8169,must_view,FALSE,Canvas-Sandbox-Course
31,,2591,8169,4,Module 4: Intro to Object Orientation,4,unlocked,,1002,student02,85278,OOP (continued),2,0,Page,8169,must_view,FALSE,Canvas-Sandbox-Course
32,,2591,8169,4,Module 4: Intro to Object Orientation,4,unlocked,,1002,student02,85274,This is a pdf.pdf,3,0,File,8169,must_view,FALSE,Canvas-Sandbox-Course
33,,2591,8169,4,Module 4: Intro to Object Orientation,4,unlocked,,1002,student02,85279,a2 - Object Orientation,4,0,Assignment,8169,must_submit,FALSE,Canvas-Sandbox-Course
34,,2591,8170,2,Module 5: Data Hierarchies,5,unlocked,,1002,student02,85281,Data Hierarchies,1,0,Page,8170,must_view,FALSE,Canvas-Sandbox-Course
35,,2591,8170,2,Module 5: Data Hierarchies,5,unlocked,,1002,student02,85270,Hardest Quiz Ever -- AVERAGE SCORE KEPT,2,0,Quiz,8170,must_submit,FALSE,Canvas-Sandbox-Course
36,,2591,8171,4,Module 6: Designing Software,6,started,,1002,student02,85280,Designing Software,1,0,Page,8171,must_view,FALSE,Canvas-Sandbox-Course
37,,2591,8171,4,Module 6: Designing Software,6,started,,1002,student02,85283,Quiz 2 - 3 Attempts,2,0,Quiz,8171,must_submit,TRUE,Canvas-Sandbox-Course
38,,2591,8171,4,Module 6: Designing Software,6,started,,1002,student02,85282,Ethics Discussion Board,3,0,Discussion,8171,,,Canvas-Sandbox-Course
39,,2591,8171,4,Module 6: Designing Software,6,started,,1002,student02,85285,Nobody Has Done This Item,4,0,Page,8171,must_view,FALSE,Canvas-Sandbox-Course
40,2019-06-25 22:15,2591,8135,3,Module 1: Course Introduction,1,completed,,1003,student03,85224,Introduction Text,1,0,Page,8135,must_mark_done,TRUE,Canvas-Sandbox-Course
41,2019-06-25 22:15,2591,8135,3,Module 1: Course Introduction,1,completed,,1003,student03,85225,Important Info Moving Foreward,2,0,Page,8135,must_mark_done,TRUE,Canvas-Sandbox-Course
42,2019-06-25 22:15,2591,8135,3,Module 1: Course Introduction,1,completed,,1003,student03,85262,Quiz 1 - Past Experience,3,1,Quiz,8135,must_submit,TRUE,Canvas-Sandbox-Course
43,,2591,8136,4,Module 2: How to Design Data,2,started,,1003,student03,85263,Designing Data,1,0,Page,8136,must_view,FALSE,Canvas-Sandbox-Course
44,,2591,8136,4,Module 2: How to Design Data,2,started,,1003,student03,85228,Talk About It.,2,0,Discussion,8136,must_contribute,TRUE,Canvas-Sandbox-Course
45,,2591,8136,4,Module 2: How to Design Data,2,started,,1003,student03,85258,a1 - Data Assignment,3,0,Assignment,8136,must_view,FALSE,Canvas-Sandbox-Course
46,,2591,8136,4,Module 2: How to Design Data,2,started,,1003,student03,85264,Generic Quiz,4,1,Quiz,8136,must_submit,TRUE,Canvas-Sandbox-Course
47,,2591,8137,3,Module 3: How to Design Functions,3,started,,1003,student03,85275,Designing Functions,1,0,Page,8137,must_view,FALSE,Canvas-Sandbox-Course
48,,2591,8137,3,Module 3: How to Design Functions,3,started,,1003,student03,85231,This is a pdf.pdf,2,0,File,8137,must_view,TRUE,Canvas-Sandbox-Course
49,,2591,8137,3,Module 3: How to Design Functions,3,started,,1003,student03,85276,Another Quiz,3,1,Quiz,8137,must_submit,FALSE,Canvas-Sandbox-Course
50,,2591,8169,4,Module 4: Intro to Object Orientation,4,unlocked,,1003,student03,85277,OOP,1,0,Page,8169,must_view,FALSE,Canvas-Sandbox-Course
51,,2591,8169,4,Module 4: Intro to Object Orientation,4,unlocked,,1003,student03,85278,OOP (continued),2,0,Page,8169,must_view,FALSE,Canvas-Sandbox-Course
52,,2591,8169,4,Module 4: Intro to Object Orientation,4,unlocked,,1003,student03,85274,This is a pdf.pdf,3,0,File,8169,must_view,FALSE,Canvas-Sandbox-Course
53,,2591,8169,4,Module 4: Intro to Object Orientation,4,unlocked,,1003,student03,85279,a2 - Object Orientation,4,0,Assignment,8169,must_submit,FALSE,Canvas-Sandbox-Course
54,,2591,8170,2,Module 5: Data Hierarchies,5,unlocked,,1003,student03,85281,Data Hierarchies,1,0,Page,8170,must_view,FALSE,Canvas-Sandbox-Course
55,,2591,8170,2,Module 5: Data Hierarchies,5,unlocked,,1003,student03,85270,Hardest Quiz Ever -- AVERAGE SCORE KEPT,2,0,Quiz,8170,must_submit,FALSE,Canvas-Sandbox-Course
56,,2591,8171,4,Module 6: Designing Software,6,unlocked,,1003,student03,85280,Designing Software,1,0,Page,8171,must_view,FALSE,Canvas-Sandbox-Course
57,,2591,8171,4,Module 6: Designing Software,6,unlocked,,1003,student03,85283,Quiz 2 - 3 Attempts,2,0,Quiz,8171,must_submit,FALSE,Canvas-Sandbox-Course
58,,2591,8171,4,Module 6: Designing Software,6,unlocked,,1003,student03,85282,Ethics Discussion Board,3,0,Discussion,8171,,,Canvas-Sandbox-Course
59,,2591,8171,4,Module 6: Designing Software,6,unlocked,,1003,student03,85285,Nobody Has Done This Item,4,0,Page,8171,must_view,FALSE,Canvas-Sandbox-Course
60,,2591,8135,3,Module 1: Course Introduction,1,started,,1004,student04,85224,Introduction Text,1,0,Page,8135,must_mark_done,TRUE,Canvas-Sandbox-Course
61,,2591,8135,3,Module 1: Course Introduction,1,started,,1004,student04,85225,Important Info Moving Foreward,2,0,Page,8135,must_mark_done,TRUE,Canvas-Sandbox-Course
62,,2591,8135,3,Module 1: Course Introduction,1,started,,1004,student04,85262,Quiz 1 - Past Experience,3,1,Quiz,8135,must_submit,FALSE,Canvas-Sandbox-Course
63,,2591,8136,4,Module 2: How to Design Data,2,unlocked,,1004,student04,85263,Designing Data,1,0,Page,8136,must_view,FALSE,Canvas-Sandbox-Course
64,,2591,8136,4,Module 2: How to Design Data,2,unlocked,,1004,student04,85228,Talk About It.,2,0,Discussion,8136,must_contribute,FALSE,Canvas-Sandbox-Course
65,,2591,8136,4,Module 2: How to Design Data,2,unlocked,,1004,student04,85258,a1 - Data Assignment,3,0,Assignment,8136,must_view,FALSE,Canvas-Sandbox-Course
66,,2591,8136,4,Module 2: How to Design Data,2,unlocked,,1004,student04,85264,Generic Quiz,4,1,Quiz,8136,must_submit,FALSE,Canvas-Sandbox-Course
67,,2591,8137,3,Module 3: How to Design Functions,3,unlocked,,1004,student04,85275,Designing Functions,1,0,Page,8137,must_view,FALSE,Canvas-Sandbox-Course
68,,2591,8137,3,Module 3: How to Design Functions,3,unlocked,,1004,student04,85231,This is a pdf.pdf,2,0,File,8137,must_view,FALSE,Canvas-Sandbox-Course
69,,2591,8137,3,Module 3: How to Design Functions,3,unlocked,,1004,student04,85276,Another Quiz,3,1,Quiz,8137,must_submit,FALSE,Canvas-Sandbox-Course
70,,2591,8169,4,Module 4: Intro to Object Orientation,4,unlocked,,1004,student04,85277,OOP,1,0,Page,8169,must_view,FALSE,Canvas-Sandbox-Course
71,,2591,8169,4,Module 4: Intro to Object Orientation,4,unlocked,,1004,student04,85278,OOP (continued),2,0,Page,8169,must_view,FALSE,Canvas-Sandbox-Course
72,,2591,8169,4,Module 4: Intro to Object Orientation,4,unlocked,,1004,student04,85274,This is a pdf.pdf,3,0,File,8169,must_view,FALSE,Canvas-Sandbox-Course
73,,2591,8169,4,Module 4: Intro to Object Orientation,4,unlocked,,1004,student04,85279,a2 - Object Orientation,4,0,Assignment,8169,must_submit,FALSE,Canvas-Sandbox-Course
74,,2591,8170,2,Module 5: Data Hierarchies,5,unlocked,,1004,student04,85281,Data Hierarchies,1,0,Page,8170,must_view,FALSE,Canvas-Sandbox-Course
75,,2591,8170,2,Module 5: Data Hierarchies,5,unlocked,,1004,student04,85270,Hardest Quiz Ever -- AVERAGE SCORE KEPT,2,0,Quiz,8170,must_submit,FALSE,Canvas-Sandbox-Course
76,,2591,8171,4,Module 6: Designing Software,6,unlocked,,1004,student04,85280,Designing Software,1,0,Page,8171,must_view,FALSE,Canvas-Sandbox-Course
77,,2591,8171,4,Module 6: Designing Software,6,unlocked,,1004,student04,85283,Quiz 2 - 3 Attempts,2,0,Quiz,8171,must_submit,FALSE,Canvas-Sandbox-Course
78,,2591,8171,4,Module 6: Designing Software,6,unlocked,,1004,student04,85282,Ethics Discussion Board,3,0,Discussion,8171,,,Canvas-Sandbox-Course
79,,2591,8171,4,Module 6: Designing Software,6,unlocked,,1004,student04,85285,Nobody Has Done This Item,4,0,Page,8171,must_view,FALSE,Canvas-Sandbox-Course
80,2019-06-25 22:22,2591,8135,3,Module 1: Course Introduction,1,completed,,1005,student05,85224,Introduction Text,1,0,Page,8135,must_mark_done,TRUE,Canvas-Sandbox-Course
81,2019-06-25 22:22,2591,8135,3,Module 1: Course Introduction,1,completed,,1005,student05,85225,Important Info Moving Foreward,2,0,Page,8135,must_mark_done,TRUE,Canvas-Sandbox-Course
82,2019-06-25 22:22,2591,8135,3,Module 1: Course Introduction,1,completed,,1005,student05,85262,Quiz 1 - Past Experience,3,1,Quiz,8135,must_submit,TRUE,Canvas-Sandbox-Course
83,,2591,8136,4,Module 2: How to Design Data,2,started,,1005,student05,85263,Designing Data,1,0,Page,8136,must_view,FALSE,Canvas-Sandbox-Course
84,,2591,8136,4,Module 2: How to Design Data,2,started,,1005,student05,85228,Talk About It.,2,0,Discussion,8136,must_contribute,TRUE,Canvas-Sandbox-Course
85,,2591,8136,4,Module 2: How to Design Data,2,started,,1005,student05,85258,a1 - Data Assignment,3,0,Assignment,8136,must_view,TRUE,Canvas-Sandbox-Course
86,,2591,8136,4,Module 2: How to Design Data,2,started,,1005,student05,85264,Generic Quiz,4,1,Quiz,8136,must_submit,TRUE,Canvas-Sandbox-Course
87,,2591,8137,3,Module 3: How to Design Functions,3,started,,1005,student05,85275,Designing Functions,1,0,Page,8137,must_view,FALSE,Canvas-Sandbox-Course
88,,2591,8137,3,Module 3: How to Design Functions,3,started,,1005,student05,85231,This is a pdf.pdf,2,0,File,8137,must_view,TRUE,Canvas-Sandbox-Course
89,,2591,8137,3,Module 3: How to Design Functions,3,started,,1005,student05,85276,Another Quiz,3,1,Quiz,8137,must_submit,FALSE,Canvas-Sandbox-Course
90,,2591,8169,4,Module 4: Intro to Object Orientation,4,started,,1005,student05,85277,OOP,1,0,Page,8169,must_view,FALSE,Canvas-Sandbox-Course
91,,2591,8169,4,Module 4: Intro to Object Orientation,4,started,,1005,student05,85278,OOP (continued),2,0,Page,8169,must_view,FALSE,Canvas-Sandbox-Course
92,,2591,8169,4,Module 4: Intro to Object Orientation,4,started,,1005,student05,85274,This is a pdf.pdf,3,0,File,8169,must_view,FALSE,Canvas-Sandbox-Course
93,,2591,8169,4,Module 4: Intro to Object Orientation,4,started,,1005,student05,85279,a2 - Object Orientation,4,0,Assignment,8169,must_submit,TRUE,Canvas-Sandbox-Course
94,,2591,8170,2,Module 5: Data Hierarchies,5,started,,1005,student05,85281,Data Hierarchies,1,0,Page,8170,must_view,FALSE,Canvas-Sandbox-Course
95,,2591,8170,2,Module 5: Data Hierarchies,5,started,,1005,student05,85270,Hardest Quiz Ever -- AVERAGE SCORE KEPT,2,0,Quiz,8170,must_submit,TRUE,Canvas-Sandbox-Course
96,,2591,8171,4,Module 6: Designing Software,6,started,,1005,student05,85280,Designing Software,1,0,Page,8171,must_view,FALSE,Canvas-Sandbox-Course
97,,2591,8171,4,Module 6: Designing Software,6,started,,1005,student05,85283,Quiz 2 - 3 Attempts,2,0,Quiz,8171,must_submit,TRUE,Canvas-Sandbox-Course
98,,2591,8171,4,Module 6: Designing Software,6,started,,1005,student05,85282,Ethics Discussion Board,3,0,Discussion,8171,,,Canvas-Sandbox-Course
99,,2591,8171,4,Module 6: Designing Software,6,started,,1005,student05,85285,Nobody Has Done This Item,4,0,Page,8171,must_view,FALSE,Canvas-Sandbox-Course
100,2019-06-26 16:00,2591,8135,3,Module 1: Course Introduction,1,completed,,1010,student10,85224,Introduction Text,1,0,Page,8135,must_mark_done,TRUE,Canvas-Sandbox-Course
101,2019-06-26 16:00,2591,8135,3,Module 1: Course Introduction,1,completed,,1010,student10,85225,Important Info Moving Foreward,2,0,Page,8135,must_mark_done,TRUE,Canvas-Sandbox-Course
102,2019-06-26 16:00,2591,8135,3,Module 1: Course Introduction,1,completed,,1010,student10,85262,Quiz 1 - Past Experience,3,1,Quiz,8135,must_submit,TRUE,Canvas-Sandbox-Course
103,2019-07-09 18:08,2591,8136,4,Module 2: How to Design Data,2,completed,,1010,student10,85263,Designing Data,1,0,Page,8136,must_view,TRUE,Canvas-Sandbox-Course
104,2019-07-09 18:08,2591,8136,4,Module 2: How to Design Data,2,completed,,1010,student10,85228,Talk About It.,2,0,Discussion,8136,must_contribute,TRUE,Canvas-Sandbox-Course
105,2019-07-09 18:08,2591,8136,4,Module 2: How to Design Data,2,completed,,1010,student10,85258,a1 - Data Assignment,3,0,Assignment,8136,must_view,TRUE,Canvas-Sandbox-Course
106,2019-07-09 18:08,2591,8136,4,Module 2: How to Design Data,2,completed,,1010,student10,85264,Generic Quiz,4,1,Quiz,8136,must_submit,TRUE,Canvas-Sandbox-Course
107,2019-06-26 16:00,2591,8137,3,Module 3: How to Design Functions,3,completed,,1010,student10,85275,Designing Functions,1,0,Page,8137,must_view,TRUE,Canvas-Sandbox-Course
108,2019-06-26 16:00,2591,8137,3,Module 3: How to Design Functions,3,completed,,1010,student10,85231,This is a pdf.pdf,2,0,File,8137,must_view,TRUE,Canvas-Sandbox-Course
109,2019-06-26 16:00,2591,8137,3,Module 3: How to Design Functions,3,completed,,1010,student10,85276,Another Quiz,3,1,Quiz,8137,must_submit,TRUE,Canvas-Sandbox-Course
110,,2591,8169,4,Module 4: Intro to Object Orientation,4,started,,1010,student10,85277,OOP,1,0,Page,8169,must_view,TRUE,Canvas-Sandbox-Course
111,,2591,8169,4,Module 4: Intro to Object Orientation,4,started,,1010,student10,85278,OOP (continued),2,0,Page,8169,must_view,TRUE,Canvas-Sandbox-Course
112,,2591,8169,4,Module 4: Intro to Object Orientation,4,started,,1010,student10,85274,This is a pdf.pdf,3,0,File,8169,must_view,TRUE,Canvas-Sandbox-Course
113,,2591,8169,4,Module 4: Intro to Object Orientation,4,started,,1010,student10,85279,a2 - Object Orientation,4,0,Assignment,8169,must_submit,FALSE,Canvas-Sandbox-Course
114,2019-06-26 16:01,2591,8170,2,Module 5: Data Hierarchies,5,completed,,1010,student10,85281,Data Hierarchies,1,0,Page,8170,must_view,TRUE,Canvas-Sandbox-Course
115,2019-06-26 16:01,2591,8170,2,Module 5: Data Hierarchies,5,completed,,1010,student10,85270,Hardest Quiz Ever -- AVERAGE SCORE KEPT,2,0,Quiz,8170,must_submit,TRUE,Canvas-Sandbox-Course
116,,2591,8171,4,Module 6: Designing Software,6,started,,1010,student10,85280,Designing Software,1,0,Page,8171,must_view,TRUE,Canvas-Sandbox-Course
117,,2591,8171,4,Module 6: Designing Software,6,started,,1010,student10,85283,Quiz 2 - 3 Attempts,2,0,Quiz,8171,must_submit,FALSE,Canvas-Sandbox-Course
118,,2591,8171,4,Module 6: Designing Software,6,started,,1010,student10,85282,Ethics Discussion Board,3,0,Discussion,8171,,,Canvas-Sandbox-Course
119,,2591,8171,4,Module 6: Designing Software,6,started,,1010,student10,85285,Nobody Has Done This Item,4,0,Page,8171,must_view,FALSE,Canvas-Sandbox-Course
120,2019-06-26 16:02,2591,8135,3,Module 1: Course Introduction,1,completed,,1011,student11,85224,Introduction Text,1,0,Page,8135,must_mark_done,TRUE,Canvas-Sandbox-Course
121,2019-06-26 16:02,2591,8135,3,Module 1: Course Introduction,1,completed,,1011,student11,85225,Important Info Moving Foreward,2,0,Page,8135,must_mark_done,TRUE,Canvas-Sandbox-Course
122,2019-06-26 16:02,2591,8135,3,Module 1: Course Introduction,1,completed,,1011,student11,85262,Quiz 1 - Past Experience,3,1,Quiz,8135,must_submit,TRUE,Canvas-Sandbox-Course
123,,2591,8136,4,Module 2: How to Design Data,2,started,,1011,student11,85263,Designing Data,1,0,Page,8136,must_view,TRUE,Canvas-Sandbox-Course
124,,2591,8136,4,Module 2: How to Design Data,2,started,,1011,student11,85228,Talk About It.,2,0,Discussion,8136,must_contribute,FALSE,Canvas-Sandbox-Course
125,,2591,8136,4,Module 2: How to Design Data,2,started,,1011,student11,85258,a1 - Data Assignment,3,0,Assignment,8136,must_view,TRUE,Canvas-Sandbox-Course
126,,2591,8136,4,Module 2: How to Design Data,2,started,,1011,student11,85264,Generic Quiz,4,1,Quiz,8136,must_submit,TRUE,Canvas-Sandbox-Course
127,2019-06-26 16:03,2591,8137,3,Module 3: How to Design Functions,3,completed,,1011,student11,85275,Designing Functions,1,0,Page,8137,must_view,TRUE,Canvas-Sandbox-Course
128,2019-06-26 16:03,2591,8137,3,Module 3: How to Design Functions,3,completed,,1011,student11,85231,This is a pdf.pdf,2,0,File,8137,must_view,TRUE,Canvas-Sandbox-Course
129,2019-06-26 16:03,2591,8137,3,Module 3: How to Design Functions,3,completed,,1011,student11,85276,Another Quiz,3,1,Quiz,8137,must_submit,TRUE,Canvas-Sandbox-Course
130,,2591,8169,4,Module 4: Intro to Object Orientation,4,started,,1011,student11,85277,OOP,1,0,Page,8169,must_view,TRUE,Canvas-Sandbox-Course
131,,2591,8169,4,Module 4: Intro to Object Orientation,4,started,,1011,student11,85278,OOP (continued),2,0,Page,8169,must_view,TRUE,Canvas-Sandbox-Course
132,,2591,8169,4,Module 4: Intro to Object Orientation,4,started,,1011,student11,85274,This is a pdf.pdf,3,0,File,8169,must_view,TRUE,Canvas-Sandbox-Course
133,,2591,8169,4,Module 4: Intro to Object Orientation,4,started,,1011,student11,85279,a2 - Object Orientation,4,0,Assignment,8169,must_submit,FALSE,Canvas-Sandbox-Course
134,,2591,8170,2,Module 5: Data Hierarchies,5,started,,1011,student11,85281,Data Hierarchies,1,0,Page,8170,must_view,TRUE,Canvas-Sandbox-Course
135,,2591,8170,2,Module 5: Data Hierarchies,5,started,,1011,student11,85270,Hardest Quiz Ever -- AVERAGE SCORE KEPT,2,0,Quiz,8170,must_submit,FALSE,Canvas-Sandbox-Course
136,,2591,8171,4,Module 6: Designing Software,6,started,,1011,student11,85280,Designing Software,1,0,Page,8171,must_view,TRUE,Canvas-Sandbox-Course
137,,2591,8171,4,Module 6: Designing Software,6,started,,1011,student11,85283,Quiz 2 - 3 Attempts,2,0,Quiz,8171,must_submit,TRUE,Canvas-Sandbox-Course
138,,2591,8171,4,Module 6: Designing Software,6,started,,1011,student11,85282,Ethics Discussion Board,3,0,Discussion,8171,,,Canvas-Sandbox-Course
139,,2591,8171,4,Module 6: Designing Software,6,started,,1011,student11,85285,Nobody Has Done This Item,4,0,Page,8171,must_view,FALSE,Canvas-Sandbox-Course
140,2019-06-26 16:08,2591,8135,3,Module 1: Course Introduction,1,completed,,1012,student12,85224,Introduction Text,1,0,Page,8135,must_mark_done,TRUE,Canvas-Sandbox-Course
141,2019-06-26 16:08,2591,8135,3,Module 1: Course Introduction,1,completed,,1012,student12,85225,Important Info Moving Foreward,2,0,Page,8135,must_mark_done,TRUE,Canvas-Sandbox-Course
142,2019-06-26 16:08,2591,8135,3,Module 1: Course Introduction,1,completed,,1012,student12,85262,Quiz 1 - Past Experience,3,1,Quiz,8135,must_submit,TRUE,Canvas-Sandbox-Course
143,2019-07-09 18:09,2591,8136,4,Module 2: How to Design Data,2,completed,,1012,student12,85263,Designing Data,1,0,Page,8136,must_view,TRUE,Canvas-Sandbox-Course
144,2019-07-09 18:09,2591,8136,4,Module 2: How to Design Data,2,completed,,1012,student12,85228,Talk About It.,2,0,Discussion,8136,must_contribute,TRUE,Canvas-Sandbox-Course
145,2019-07-09 18:09,2591,8136,4,Module 2: How to Design Data,2,completed,,1012,student12,85258,a1 - Data Assignment,3,0,Assignment,8136,must_view,TRUE,Canvas-Sandbox-Course
146,2019-07-09 18:09,2591,8136,4,Module 2: How to Design Data,2,completed,,1012,student12,85264,Generic Quiz,4,1,Quiz,8136,must_submit,TRUE,Canvas-Sandbox-Course
147,2019-06-26 16:09,2591,8137,3,Module 3: How to Design Functions,3,completed,,1012,student12,85275,Designing Functions,1,0,Page,8137,must_view,TRUE,Canvas-Sandbox-Course
148,2019-06-26 16:09,2591,8137,3,Module 3: How to Design Functions,3,completed,,1012,student12,85231,This is a pdf.pdf,2,0,File,8137,must_view,TRUE,Canvas-Sandbox-Course
149,2019-06-26 16:09,2591,8137,3,Module 3: How to Design Functions,3,completed,,1012,student12,85276,Another Quiz,3,1,Quiz,8137,must_submit,TRUE,Canvas-Sandbox-Course
150,2019-06-26 16:10,2591,8169,4,Module 4: Intro to Object Orientation,4,completed,,1012,student12,85277,OOP,1,0,Page,8169,must_view,TRUE,Canvas-Sandbox-Course
151,2019-06-26 16:10,2591,8169,4,Module 4: Intro to Object Orientation,4,completed,,1012,student12,85278,OOP (continued),2,0,Page,8169,must_view,TRUE,Canvas-Sandbox-Course
152,2019-06-26 16:10,2591,8169,4,Module 4: Intro to Object Orientation,4,completed,,1012,student12,85274,This is a pdf.pdf,3,0,File,8169,must_view,TRUE,Canvas-Sandbox-Course
153,2019-06-26 16:10,2591,8169,4,Module 4: Intro to Object Orientation,4,completed,,1012,student12,85279,a2 - Object Orientation,4,0,Assignment,8169,must_submit,TRUE,Canvas-Sandbox-Course
154,,2591,8170,2,Module 5: Data Hierarchies,5,unlocked,,1012,student12,85281,Data Hierarchies,1,0,Page,8170,must_view,FALSE,Canvas-Sandbox-Course
155,,2591,8170,2,Module 5: Data Hierarchies,5,unlocked,,1012,student12,85270,Hardest Quiz Ever -- AVERAGE SCORE KEPT,2,0,Quiz,8170,must_submit,FALSE,Canvas-Sandbox-Course
156,,2591,8171,4,Module 6: Designing Software,6,started,,1012,student12,85280,Designing Software,1,0,Page,8171,must_view,FALSE,Canvas-Sandbox-Course
157,,2591,8171,4,Module 6: Designing Software,6,started,,1012,student12,85283,Quiz 2 - 3 Attempts,2,0,Quiz,8171,must_submit,TRUE,Canvas-Sandbox-Course
158,,2591,8171,4,Module 6: Designing Software,6,started,,1012,student12,85282,Ethics Discussion Board,3,0,Discussion,8171,,,Canvas-Sandbox-Course
159,,2591,8171,4,Module 6: Designing Software,6,started,,1012,student12,85285,Nobody Has Done This Item,4,0,Page,8171,must_view,FALSE,Canvas-Sandbox-Course
160,,2591,8135,3,Module 1: Course Introduction,1,started,,1013,student13,85224,Introduction Text,1,0,Page,8135,must_mark_done,TRUE,Canvas-Sandbox-Course
161,,2591,8135,3,Module 1: Course Introduction,1,started,,1013,student13,85225,Important Info Moving Foreward,2,0,Page,8135,must_mark_done,TRUE,Canvas-Sandbox-Course
162,,2591,8135,3,Module 1: Course Introduction,1,started,,1013,student13,85262,Quiz 1 - Past Experience,3,1,Quiz,8135,must_submit,FALSE,Canvas-Sandbox-Course
163,,2591,8136,4,Module 2: How to Design Data,2,unlocked,,1013,student13,85263,Designing Data,1,0,Page,8136,must_view,FALSE,Canvas-Sandbox-Course
164,,2591,8136,4,Module 2: How to Design Data,2,unlocked,,1013,student13,85228,Talk About It.,2,0,Discussion,8136,must_contribute,FALSE,Canvas-Sandbox-Course
165,,2591,8136,4,Module 2: How to Design Data,2,unlocked,,1013,student13,85258,a1 - Data Assignment,3,0,Assignment,8136,must_view,FALSE,Canvas-Sandbox-Course
166,,2591,8136,4,Module 2: How to Design Data,2,unlocked,,1013,student13,85264,Generic Quiz,4,1,Quiz,8136,must_submit,FALSE,Canvas-Sandbox-Course
167,,2591,8137,3,Module 3: How to Design Functions,3,unlocked,,1013,student13,85275,Designing Functions,1,0,Page,8137,must_view,FALSE,Canvas-Sandbox-Course
168,,2591,8137,3,Module 3: How to Design Functions,3,unlocked,,1013,student13,85231,This is a pdf.pdf,2,0,File,8137,must_view,FALSE,Canvas-Sandbox-Course
169,,2591,8137,3,Module 3: How to Design Functions,3,unlocked,,1013,student13,85276,Another Quiz,3,1,Quiz,8137,must_submit,FALSE,Canvas-Sandbox-Course
170,,2591,8169,4,Module 4: Intro to Object Orientation,4,unlocked,,1013,student13,85277,OOP,1,0,Page,8169,must_view,FALSE,Canvas-Sandbox-Course
171,,2591,8169,4,Module 4: Intro to Object Orientation,4,unlocked,,1013,student13,85278,OOP (continued),2,0,Page,8169,must_view,FALSE,Canvas-Sandbox-Course
172,,2591,8169,4,Module 4: Intro to Object Orientation,4,unlocked,,1013,student13,85274,This is a pdf.pdf,3,0,File,8169,must_view,FALSE,Canvas-Sandbox-Course
173,,2591,8169,4,Module 4: Intro to Object Orientation,4,unlocked,,1013,student13,85279,a2 - Object Orientation,4,0,Assignment,8169,must_submit,FALSE,Canvas-Sandbox-Course
174,,2591,8170,2,Module 5: Data Hierarchies,5,unlocked,,1013,student13,85281,Data Hierarchies,1,0,Page,8170,must_view,FALSE,Canvas-Sandbox-Course
175,,2591,8170,2,Module 5: Data Hierarchies,5,unlocked,,1013,student13,85270,Hardest Quiz Ever -- AVERAGE SCORE KEPT,2,0,Quiz,8170,must_submit,FALSE,Canvas-Sandbox-Course
176,,2591,8171,4,Module 6: Designing Software,6,unlocked,,1013,student13,85280,Designing Software,1,0,Page,8171,must_view,FALSE,Canvas-Sandbox-Course
177,,2591,8171,4,Module 6: Designing Software,6,unlocked,,1013,student13,85283,Quiz 2 - 3 Attempts,2,0,Quiz,8171,must_submit,FALSE,Canvas-Sandbox-Course
178,,2591,8171,4,Module 6: Designing Software,6,unlocked,,1013,student13,85282,Ethics Discussion Board,3,0,Discussion,8171,,,Canvas-Sandbox-Course
179,,2591,8171,4,Module 6: Designing Software,6,unlocked,,1013,student13,85285,Nobody Has Done This Item,4,0,Page,8171,must_view,FALSE,Canvas-Sandbox-Course
180,2019-06-26 16:13,2591,8135,3,Module 1: Course Introduction,1,completed,,1014,student14,85224,Introduction Text,1,0,Page,8135,must_mark_done,TRUE,Canvas-Sandbox-Course
181,2019-06-26 16:13,2591,8135,3,Module 1: Course Introduction,1,completed,,1014,student14,85225,Important Info Moving Foreward,2,0,Page,8135,must_mark_done,TRUE,Canvas-Sandbox-Course
182,2019-06-26 16:13,2591,8135,3,Module 1: Course Introduction,1,completed,,1014,student14,85262,Quiz 1 - Past Experience,3,1,Quiz,8135,must_submit,TRUE,Canvas-Sandbox-Course
183,,2591,8136,4,Module 2: How to Design Data,2,unlocked,,1014,student14,85263,Designing Data,1,0,Page,8136,must_view,FALSE,Canvas-Sandbox-Course
184,,2591,8136,4,Module 2: How to Design Data,2,unlocked,,1014,student14,85228,Talk About It.,2,0,Discussion,8136,must_contribute,FALSE,Canvas-Sandbox-Course
185,,2591,8136,4,Module 2: How to Design Data,2,unlocked,,1014,student14,85258,a1 - Data Assignment,3,0,Assignment,8136,must_view,FALSE,Canvas-Sandbox-Course
186,,2591,8136,4,Module 2: How to Design Data,2,unlocked,,1014,student14,85264,Generic Quiz,4,1,Quiz,8136,must_submit,FALSE,Canvas-Sandbox-Course
187,,2591,8137,3,Module 3: How to Design Functions,3,unlocked,,1014,student14,85275,Designing Functions,1,0,Page,8137,must_view,FALSE,Canvas-Sandbox-Course
188,,2591,8137,3,Module 3: How to Design Functions,3,unlocked,,1014,student14,85231,This is a pdf.pdf,2,0,File,8137,must_view,FALSE,Canvas-Sandbox-Course
189,,2591,8137,3,Module 3: How to Design Functions,3,unlocked,,1014,student14,85276,Another Quiz,3,1,Quiz,8137,must_submit,FALSE,Canvas-Sandbox-Course
190,,2591,8169,4,Module 4: Intro to Object Orientation,4,unlocked,,1014,student14,85277,OOP,1,0,Page,8169,must_view,FALSE,Canvas-Sandbox-Course
191,,2591,8169,4,Module 4: Intro to Object Orientation,4,unlocked,,1014,student14,85278,OOP (continued),2,0,Page,8169,must_view,FALSE,Canvas-Sandbox-Course
192,,2591,8169,4,Module 4: Intro to Object Orientation,4,unlocked,,1014,student14,85274,This is a pdf.pdf,3,0,File,8169,must_view,FALSE,Canvas-Sandbox-Course
193,,2591,8169,4,Module 4: Intro to Object Orientation,4,unlocked,,1014,student14,85279,a2 - Object Orientation,4,0,Assignment,8169,must_submit,FALSE,Canvas-Sandbox-Course
194,,2591,8170,2,Module 5: Data Hierarchies,5,unlocked,,1014,student14,85281,Data Hierarchies,1,0,Page,8170,must_view,FALSE,Canvas-Sandbox-Course
195,,2591,8170,2,Module 5: Data Hierarchies,5,unlocked,,1014,student14,85270,Hardest Quiz Ever -- AVERAGE SCORE KEPT,2,0,Quiz,8170,must_submit,FALSE,Canvas-Sandbox-Course
196,,2591,8171,4,Module 6: Designing Software,6,unlocked,,1014,student14,85280,Designing Software,1,0,Page,8171,must_view,FALSE,Canvas-Sandbox-Course
197,,2591,8171,4,Module 6: Designing Software,6,unlocked,,1014,student14,85283,Quiz 2 - 3 Attempts,2,0,Quiz,8171,must_submit,FALSE,Canvas-Sandbox-Course
198,,2591,8171,4,Module 6: Designing Software,6,unlocked,,1014,student14,85282,Ethics Discussion Board,3,0,Discussion,8171,,,Canvas-Sandbox-Course
199,,2591,8171,4,Module 6: Designing Software,6,unlocked,,1014,student14,85285,Nobody Has Done This Item,4,0,Page,8171,must_view,FALSE,Canvas-Sandbox-Course
200,2019-06-26 16:13,2591,8135,3,Module 1: Course Introduction,1,completed,,1015,student15,85224,Introduction Text,1,0,Page,8135,must_mark_done,TRUE,Canvas-Sandbox-Course
201,2019-06-26 16:13,2591,8135,3,Module 1: Course Introduction,1,completed,,1015,student15,85225,Important Info Moving Foreward,2,0,Page,8135,must_mark_done,TRUE,Canvas-Sandbox-Course
202,2019-06-26 16:13,2591,8135,3,Module 1: Course Introduction,1,completed,,1015,student15,85262,Quiz 1 - Past Experience,3,1,Quiz,8135,must_submit,TRUE,Canvas-Sandbox-Course
203,2019-07-09 21:23,2591,8136,4,Module 2: How to Design Data,2,completed,,1015,student15,85263,Designing Data,1,0,Page,8136,must_view,TRUE,Canvas-Sandbox-Course
204,2019-07-09 21:23,2591,8136,4,Module 2: How to Design Data,2,completed,,1015,student15,85228,Talk About It.,2,0,Discussion,8136,must_contribute,TRUE,Canvas-Sandbox-Course
205,2019-07-09 21:23,2591,8136,4,Module 2: How to Design Data,2,completed,,1015,student15,85258,a1 - Data Assignment,3,0,Assignment,8136,must_view,TRUE,Canvas-Sandbox-Course
206,2019-07-09 21:23,2591,8136,4,Module 2: How to Design Data,2,completed,,1015,student15,85264,Generic Quiz,4,1,Quiz,8136,must_submit,TRUE,Canvas-Sandbox-Course
207,,2591,8137,3,Module 3: How to Design Functions,3,started,,1015,student15,85275,Designing Functions,1,0,Page,8137,must_view,TRUE,Canvas-Sandbox-Course
208,,2591,8137,3,Module 3: How to Design Functions,3,started,,1015,student15,85231,This is a pdf.pdf,2,0,File,8137,must_view,FALSE,Canvas-Sandbox-Course
209,,2591,8137,3,Module 3: How to Design Functions,3,started,,1015,student15,85276,Another Quiz,3,1,Quiz,8137,must_submit,FALSE,Canvas-Sandbox-Course
210,,2591,8169,4,Module 4: Intro to Object Orientation,4,unlocked,,1015,student15,85277,OOP,1,0,Page,8169,must_view,FALSE,Canvas-Sandbox-Course
211,,2591,8169,4,Module 4: Intro to Object Orientation,4,unlocked,,1015,student15,85278,OOP (continued),2,0,Page,8169,must_view,FALSE,Canvas-Sandbox-Course
212,,2591,8169,4,Module 4: Intro to Object Orientation,4,unlocked,,1015,student15,85274,This is a pdf.pdf,3,0,File,8169,must_view,FALSE,Canvas-Sandbox-Course
213,,2591,8169,4,Module 4: Intro to Object Orientation,4,unlocked,,1015,student15,85279,a2 - Object Orientation,4,0,Assignment,8169,must_submit,FALSE,Canvas-Sandbox-Course
214,,2591,8170,2,Module 5: Data Hierarchies,5,unlocked,,1015,student15,85281,Data Hierarchies,1,0,Page,8170,must_view,FALSE,Canvas-Sandbox-Course
215,,2591,8170,2,Module 5: Data Hierarchies,5,unlocked,,1015,student15,85270,Hardest Quiz Ever -- AVERAGE SCORE KEPT,2,0,Quiz,8170,must_submit,FALSE,Canvas-Sandbox-Course
216,,2591,8171,4,Module 6: Designing Software,6,unlocked,,1015,student15,85280,Designing Software,1,0,Page,8171,must_view,FALSE,Canvas-Sandbox-Course
217,,2591,8171,4,Module 6: Designing Software,6,unlocked,,1015,student15,85283,Quiz 2 - 3 Attempts,2,0,Quiz,8171,must_submit,FALSE,Canvas-Sandbox-Course
218,,2591,8171,4,Module 6: Designing Software,6,unlocked,,1015,student15,85282,Ethics Discussion Board,3,0,Discussion,8171,,,Canvas-Sandbox-Course
219,,2591,8171,4,Module 6: Designing Software,6,unlocked,,1015,student15,85285,Nobody Has Done This Item,4,0,Page,8171,must_view,FALSE,Canvas-Sandbox-Course
220,2019-06-26 16:15,2591,8135,3,Module 1: Course Introduction,1,completed,,1016,student16,85224,Introduction Text,1,0,Page,8135,must_mark_done,TRUE,Canvas-Sandbox-Course
221,2019-06-26 16:15,2591,8135,3,Module 1: Course Introduction,1,completed,,1016,student16,85225,Important Info Moving Foreward,2,0,Page,8135,must_mark_done,TRUE,Canvas-Sandbox-Course
222,2019-06-26 16:15,2591,8135,3,Module 1: Course Introduction,1,completed,,1016,student16,85262,Quiz 1 - Past Experience,3,1,Quiz,8135,must_submit,TRUE,Canvas-Sandbox-Course
223,2019-07-09 18:09,2591,8136,4,Module 2: How to Design Data,2,completed,,1016,student16,85263,Designing Data,1,0,Page,8136,must_view,TRUE,Canvas-Sandbox-Course
224,2019-07-09 18:09,2591,8136,4,Module 2: How to Design Data,2,completed,,1016,student16,85228,Talk About It.,2,0,Discussion,8136,must_contribute,TRUE,Canvas-Sandbox-Course
225,2019-07-09 18:09,2591,8136,4,Module 2: How to Design Data,2,completed,,1016,student16,85258,a1 - Data Assignment,3,0,Assignment,8136,must_view,TRUE,Canvas-Sandbox-Course
226,2019-07-09 18:09,2591,8136,4,Module 2: How to Design Data,2,completed,,1016,student16,85264,Generic Quiz,4,1,Quiz,8136,must_submit,TRUE,Canvas-Sandbox-Course
227,,2591,8137,3,Module 3: How to Design Functions,3,started,,1016,student16,85275,Designing Functions,1,0,Page,8137,must_view,TRUE,Canvas-Sandbox-Course
228,,2591,8137,3,Module 3: How to Design Functions,3,started,,1016,student16,85231,This is a pdf.pdf,2,0,File,8137,must_view,FALSE,Canvas-Sandbox-Course
229,,2591,8137,3,Module 3: How to Design Functions,3,started,,1016,student16,85276,Another Quiz,3,1,Quiz,8137,must_submit,FALSE,Canvas-Sandbox-Course
230,,2591,8169,4,Module 4: Intro to Object Orientation,4,unlocked,,1016,student16,85277,OOP,1,0,Page,8169,must_view,FALSE,Canvas-Sandbox-Course
231,,2591,8169,4,Module 4: Intro to Object Orientation,4,unlocked,,1016,student16,85278,OOP (continued),2,0,Page,8169,must_view,FALSE,Canvas-Sandbox-Course
232,,2591,8169,4,Module 4: Intro to Object Orientation,4,unlocked,,1016,student16,85274,This is a pdf.pdf,3,0,File,8169,must_view,FALSE,Canvas-Sandbox-Course
233,,2591,8169,4,Module 4: Intro to Object Orientation,4,unlocked,,1016,student16,85279,a2 - Object Orientation,4,0,Assignment,8169,must_submit,FALSE,Canvas-Sandbox-Course
234,,2591,8170,2,Module 5: Data Hierarchies,5,unlocked,,1016,student16,85281,Data Hierarchies,1,0,Page,8170,must_view,FALSE,Canvas-Sandbox-Course
235,,2591,8170,2,Module 5: Data Hierarchies,5,unlocked,,1016,student16,85270,Hardest Quiz Ever -- AVERAGE SCORE KEPT,2,0,Quiz,8170,must_submit,FALSE,Canvas-Sandbox-Course
236,,2591,8171,4,Module 6: Designing Software,6,unlocked,,1016,student16,85280,Designing Software,1,0,Page,8171,must_view,FALSE,Canvas-Sandbox-Course
237,,2591,8171,4,Module 6: Designing Software,6,unlocked,,1016,student16,85283,Quiz 2 - 3 Attempts,2,0,Quiz,8171,must_submit,FALSE,Canvas-Sandbox-Course
238,,2591,8171,4,Module 6: Designing Software,6,unlocked,,1016,student16,85282,Ethics Discussion Board,3,0,Discussion,8171,,,Canvas-Sandbox-Course
239,,2591,8171,4,Module 6: Designing Software,6,unlocked,,1016,student16,85285,Nobody Has Done This Item,4,0,Page,8171,must_view,FALSE,Canvas-Sandbox-Course
240,2019-06-26 16:19,2591,8135,3,Module 1: Course Introduction,1,completed,,1017,student17,85224,Introduction Text,1,0,Page,8135,must_mark_done,TRUE,Canvas-Sandbox-Course
241,2019-06-26 16:19,2591,8135,3,Module 1: Course Introduction,1,completed,,1017,student17,85225,Important Info Moving Foreward,2,0,Page,8135,must_mark_done,TRUE,Canvas-Sandbox-Course
242,2019-06-26 16:19,2591,8135,3,Module 1: Course Introduction,1,completed,,1017,student17,85262,Quiz 1 - Past Experience,3,1,Quiz,8135,must_submit,TRUE,Canvas-Sandbox-Course
243,,2591,8136,4,Module 2: How to Design Data,2,started,,1017,student17,85263,Designing Data,1,0,Page,8136,must_view,TRUE,Canvas-Sandbox-Course
244,,2591,8136,4,Module 2: How to Design Data,2,started,,1017,student17,85228,Talk About It.,2,0,Discussion,8136,must_contribute,FALSE,Canvas-Sandbox-Course
245,,2591,8136,4,Module 2: How to Design Data,2,started,,1017,student17,85258,a1 - Data Assignment,3,0,Assignment,8136,must_view,FALSE,Canvas-Sandbox-Course
246,,2591,8136,4,Module 2: How to Design Data,2,started,,1017,student17,85264,Generic Quiz,4,1,Quiz,8136,must_submit,FALSE,Canvas-Sandbox-Course
247,,2591,8137,3,Module 3: How to Design Functions,3,unlocked,,1017,student17,85275,Designing Functions,1,0,Page,8137,must_view,FALSE,Canvas-Sandbox-Course
248,,2591,8137,3,Module 3: How to Design Functions,3,unlocked,,1017,student17,85231,This is a pdf.pdf,2,0,File,8137,must_view,FALSE,Canvas-Sandbox-Course
249,,2591,8137,3,Module 3: How to Design Functions,3,unlocked,,1017,student17,85276,Another Quiz,3,1,Quiz,8137,must_submit,FALSE,Canvas-Sandbox-Course
250,,2591,8169,4,Module 4: Intro to Object Orientation,4,unlocked,,1017,student17,85277,OOP,1,0,Page,8169,must_view,FALSE,Canvas-Sandbox-Course
251,,2591,8169,4,Module 4: Intro to Object Orientation,4,unlocked,,1017,student17,85278,OOP (continued),2,0,Page,8169,must_view,FALSE,Canvas-Sandbox-Course
252,,2591,8169,4,Module 4: Intro to Object Orientation,4,unlocked,,1017,student17,85274,This is a pdf.pdf,3,0,File,8169,must_view,FALSE,Canvas-Sandbox-Course
253,,2591,8169,4,Module 4: Intro to Object Orientation,4,unlocked,,1017,student17,85279,a2 - Object Orientation,4,0,Assignment,8169,must_submit,FALSE,Canvas-Sandbox-Course
254,,2591,8170,2,Module 5: Data Hierarchies,5,unlocked,,1017,student17,85281,Data Hierarchies,1,0,Page,8170,must_view,FALSE,Canvas-Sandbox-Course
255,,2591,8170,2,Module 5: Data Hierarchies,5,unlocked,,1017,student17,85270,Hardest Quiz Ever -- AVERAGE SCORE KEPT,2,0,Quiz,8170,must_submit,FALSE,Canvas-Sandbox-Course
256,,2591,8171,4,Module 6: Designing Software,6,unlocked,,1017,student17,85280,Designing Software,1,0,Page,8171,must_view,FALSE,Canvas-Sandbox-Course
257,,2591,8171,4,Module 6: Designing Software,6,unlocked,,1017,student17,85283,Quiz 2 - 3 Attempts,2,0,Quiz,8171,must_submit,FALSE,Canvas-Sandbox-Course
258,,2591,8171,4,Module 6: Designing Software,6,unlocked,,1017,student17,85282,Ethics Discussion Board,3,0,Discussion,8171,,,Canvas-Sandbox-Course
259,,2591,8171,4,Module 6: Designing Software,6,unlocked,,1017,student17,85285,Nobody Has Done This Item,4,0,Page,8171,must_view,FALSE,Canvas-Sandbox-Course
260,2019-06-26 16:21,2591,8135,3,Module 1: Course Introduction,1,completed,,1018,student18,85224,Introduction Text,1,0,Page,8135,must_mark_done,TRUE,Canvas-Sandbox-Course
261,2019-06-26 16:21,2591,8135,3,Module 1: Course Introduction,1,completed,,1018,student18,85225,Important Info Moving Foreward,2,0,Page,8135,must_mark_done,TRUE,Canvas-Sandbox-Course
262,2019-06-26 16:21,2591,8135,3,Module 1: Course Introduction,1,completed,,1018,student18,85262,Quiz 1 - Past Experience,3,1,Quiz,8135,must_submit,TRUE,Canvas-Sandbox-Course
263,,2591,8136,4,Module 2: How to Design Data,2,started,,1018,student18,85263,Designing Data,1,0,Page,8136,must_view,TRUE,Canvas-Sandbox-Course
264,,2591,8136,4,Module 2: How to Design Data,2,started,,1018,student18,85228,Talk About It.,2,0,Discussion,8136,must_contribute,TRUE,Canvas-Sandbox-Course
265,,2591,8136,4,Module 2: How to Design Data,2,started,,1018,student18,85258,a1 - Data Assignment,3,0,Assignment,8136,must_view,FALSE,Canvas-Sandbox-Course
266,,2591,8136,4,Module 2: How to Design Data,2,started,,1018,student18,85264,Generic Quiz,4,1,Quiz,8136,must_submit,FALSE,Canvas-Sandbox-Course
267,,2591,8137,3,Module 3: How to Design Functions,3,unlocked,,1018,student18,85275,Designing Functions,1,0,Page,8137,must_view,FALSE,Canvas-Sandbox-Course
268,,2591,8137,3,Module 3: How to Design Functions,3,unlocked,,1018,student18,85231,This is a pdf.pdf,2,0,File,8137,must_view,FALSE,Canvas-Sandbox-Course
269,,2591,8137,3,Module 3: How to Design Functions,3,unlocked,,1018,student18,85276,Another Quiz,3,1,Quiz,8137,must_submit,FALSE,Canvas-Sandbox-Course
270,,2591,8169,4,Module 4: Intro to Object Orientation,4,unlocked,,1018,student18,85277,OOP,1,0,Page,8169,must_view,FALSE,Canvas-Sandbox-Course
271,,2591,8169,4,Module 4: Intro to Object Orientation,4,unlocked,,1018,student18,85278,OOP (continued),2,0,Page,8169,must_view,FALSE,Canvas-Sandbox-Course
272,,2591,8169,4,Module 4: Intro to Object Orientation,4,unlocked,,1018,student18,85274,This is a pdf.pdf,3,0,File,8169,must_view,FALSE,Canvas-Sandbox-Course
273,,2591,8169,4,Module 4: Intro to Object Orientation,4,unlocked,,1018,student18,85279,a2 - Object Orientation,4,0,Assignment,8169,must_submit,FALSE,Canvas-Sandbox-Course
274,,2591,8170,2,Module 5: Data Hierarchies,5,unlocked,,1018,student18,85281,Data Hierarchies,1,0,Page,8170,must_view,FALSE,Canvas-Sandbox-Course
275,,2591,8170,2,Module 5: Data Hierarchies,5,unlocked,,1018,student18,85270,Hardest Quiz Ever -- AVERAGE SCORE KEPT,2,0,Quiz,8170,must_submit,FALSE,Canvas-Sandbox-Course
276,,2591,8171,4,Module 6: Designing Software,6,unlocked,,1018,student18,85280,Designing Software,1,0,Page,8171,must_view,FALSE,Canvas-Sandbox-Course
277,,2591,8171,4,Module 6: Designing Software,6,unlocked,,1018,student18,85283,Quiz 2 - 3 Attempts,2,0,Quiz,8171,must_submit,FALSE,Canvas-Sandbox-Course
278,,2591,8171,4,Module 6: Designing Software,6,unlocked,,1018,student18,85282,Ethics Discussion Board,3,0,Discussion,8171,,,Canvas-Sandbox-Course
279,,2591,8171,4,Module 6: Designing Software,6,unlocked,,1018,student18,85285,Nobody Has Done This Item,4,0,Page,8171,must_view,FALSE,Canvas-Sandbox-Course
280,2019-06-27 15:58,2591,8135,3,Module 1: Course Introduction,1,completed,,1019,student19,85224,Introduction Text,1,0,Page,8135,must_mark_done,TRUE,Canvas-Sandbox-Course
281,2019-06-27 15:58,2591,8135,3,Module 1: Course Introduction,1,completed,,1019,student19,85225,Important Info Moving Foreward,2,0,Page,8135,must_mark_done,TRUE,Canvas-Sandbox-Course
282,2019-06-27 15:58,2591,8135,3,Module 1: Course Introduction,1,completed,,1019,student19,85262,Quiz 1 - Past Experience,3,1,Quiz,8135,must_submit,TRUE,Canvas-Sandbox-Course
283,,2591,8136,4,Module 2: How to Design Data,2,started,,1019,student19,85263,Designing Data,1,0,Page,8136,must_view,TRUE,Canvas-Sandbox-Course
284,,2591,8136,4,Module 2: How to Design Data,2,started,,1019,student19,85228,Talk About It.,2,0,Discussion,8136,must_contribute,FALSE,Canvas-Sandbox-Course
285,,2591,8136,4,Module 2: How to Design Data,2,started,,1019,student19,85258,a1 - Data Assignment,3,0,Assignment,8136,must_view,FALSE,Canvas-Sandbox-Course
286,,2591,8136,4,Module 2: How to Design Data,2,started,,1019,student19,85264,Generic Quiz,4,1,Quiz,8136,must_submit,FALSE,Canvas-Sandbox-Course
287,,2591,8137,3,Module 3: How to Design Functions,3,unlocked,,1019,student19,85275,Designing Functions,1,0,Page,8137,must_view,FALSE,Canvas-Sandbox-Course
288,,2591,8137,3,Module 3: How to Design Functions,3,unlocked,,1019,student19,85231,This is a pdf.pdf,2,0,File,8137,must_view,FALSE,Canvas-Sandbox-Course
289,,2591,8137,3,Module 3: How to Design Functions,3,unlocked,,1019,student19,85276,Another Quiz,3,1,Quiz,8137,must_submit,FALSE,Canvas-Sandbox-Course
290,,2591,8169,4,Module 4: Intro to Object Orientation,4,unlocked,,1019,student19,85277,OOP,1,0,Page,8169,must_view,FALSE,Canvas-Sandbox-Course
291,,2591,8169,4,Module 4: Intro to Object Orientation,4,unlocked,,1019,student19,85278,OOP (continued),2,0,Page,8169,must_view,FALSE,Canvas-Sandbox-Course
292,,2591,8169,4,Module 4: Intro to Object Orientation,4,unlocked,,1019,student19,85274,This is a pdf.pdf,3,0,File,8169,must_view,FALSE,Canvas-Sandbox-Course
293,,2591,8169,4,Module 4: Intro to Object Orientation,4,unlocked,,1019,student19,85279,a2 - Object Orientation,4,0,Assignment,8169,must_submit,FALSE,Canvas-Sandbox-Course
294,,2591,8170,2,Module 5: Data Hierarchies,5,unlocked,,1019,student19,85281,Data Hierarchies,1,0,Page,8170,must_view,FALSE,Canvas-Sandbox-Course
295,,2591,8170,2,Module 5: Data Hierarchies,5,unlocked,,1019,student19,85270,Hardest Quiz Ever -- AVERAGE SCORE KEPT,2,0,Quiz,8170,must_submit,FALSE,Canvas-Sandbox-Course
296,,2591,8171,4,Module 6: Designing Software,6,unlocked,,1019,student19,85280,Designing Software,1,0,Page,8171,must_view,FALSE,Canvas-Sandbox-Course
297,,2591,8171,4,Module 6: Designing Software,6,unlocked,,1019,student19,85283,Quiz 2 - 3 Attempts,2,0,Quiz,8171,must_submit,FALSE,Canvas-Sandbox-Course
298,,2591,8171,4,Module 6: Designing Software,6,unlocked,,1019,student19,85282,Ethics Discussion Board,3,0,Discussion,8171,,,Canvas-Sandbox-Course
299,,2591,8171,4,Module 6: Designing Software,6,unlocked,,1019,student19,85285,Nobody Has Done This Item,4,0,Page,8171,must_view,FALSE,Canvas-Sandbox-Course
300,2019-06-27 15:59,2591,8135,3,Module 1: Course Introduction,1,completed,,1020,student20,85224,Introduction Text,1,0,Page,8135,must_mark_done,TRUE,Canvas-Sandbox-Course
301,2019-06-27 15:59,2591,8135,3,Module 1: Course Introduction,1,completed,,1020,student20,85225,Important Info Moving Foreward,2,0,Page,8135,must_mark_done,TRUE,Canvas-Sandbox-Course
302,2019-06-27 15:59,2591,8135,3,Module 1: Course Introduction,1,completed,,1020,student20,85262,Quiz 1 - Past Experience,3,1,Quiz,8135,must_submit,TRUE,Canvas-Sandbox-Course
303,,2591,8136,4,Module 2: How to Design Data,2,started,,1020,student20,85263,Designing Data,1,0,Page,8136,must_view,TRUE,Canvas-Sandbox-Course
304,,2591,8136,4,Module 2: How to Design Data,2,started,,1020,student20,85228,Talk About It.,2,0,Discussion,8136,must_contribute,TRUE,Canvas-Sandbox-Course
305,,2591,8136,4,Module 2: How to Design Data,2,started,,1020,student20,85258,a1 - Data Assignment,3,0,Assignment,8136,must_view,TRUE,Canvas-Sandbox-Course
306,,2591,8136,4,Module 2: How to Design Data,2,started,,1020,student20,85264,Generic Quiz,4,1,Quiz,8136,must_submit,FALSE,Canvas-Sandbox-Course
307,,2591,8137,3,Module 3: How to Design Functions,3,unlocked,,1020,student20,85275,Designing Functions,1,0,Page,8137,must_view,FALSE,Canvas-Sandbox-Course
308,,2591,8137,3,Module 3: How to Design Functions,3,unlocked,,1020,student20,85231,This is a pdf.pdf,2,0,File,8137,must_view,FALSE,Canvas-Sandbox-Course
309,,2591,8137,3,Module 3: How to Design Functions,3,unlocked,,1020,student20,85276,Another Quiz,3,1,Quiz,8137,must_submit,FALSE,Canvas-Sandbox-Course
310,,2591,8169,4,Module 4: Intro to Object Orientation,4,unlocked,,1020,student20,85277,OOP,1,0,Page,8169,must_view,FALSE,Canvas-Sandbox-Course
311,,2591,8169,4,Module 4: Intro to Object Orientation,4,unlocked,,1020,student20,85278,OOP (continued),2,0,Page,8169,must_view,FALSE,Canvas-Sandbox-Course
312,,2591,8169,4,Module 4: Intro to Object Orientation,4,unlocked,,1020,student20,85274,This is a pdf.pdf,3,0,File,8169,must_view,FALSE,Canvas-Sandbox-Course
313,,2591,8169,4,Module 4: Intro to Object Orientation,4,unlocked,,1020,student20,85279,a2 - Object Orientation,4,0,Assignment,8169,must_submit,FALSE,Canvas-Sandbox-Course
314,,2591,8170,2,Module 5: Data Hierarchies,5,unlocked,,1020,student20,85281,Data Hierarchies,1,0,Page,8170,must_view,FALSE,Canvas-Sandbox-Course
315,,2591,8170,2,Module 5: Data Hierarchies,5,unlocked,,1020,student20,85270,Hardest Quiz Ever -- AVERAGE SCORE KEPT,2,0,Quiz,8170,must_submit,FALSE,Canvas-Sandbox-Course
316,,2591,8171,4,Module 6: Designing Software,6,unlocked,,1020,student20,85280,Designing Software,1,0,Page,8171,must_view,FALSE,Canvas-Sandbox-Course
317,,2591,8171,4,Module 6: Designing Software,6,unlocked,,1020,student20,85283,Quiz 2 - 3 Attempts,2,0,Quiz,8171,must_submit,FALSE,Canvas-Sandbox-Course
318,,2591,8171,4,Module 6: Designing Software,6,unlocked,,1020,student20,85282,Ethics Discussion Board,3,0,Discussion,8171,,,Canvas-Sandbox-Course
319,,2591,8171,4,Module 6: Designing Software,6,unlocked,,1020,student20,85285,Nobody Has Done This Item,4,0,Page,8171,must_view,FALSE,Canvas-Sandbox-Course
320,2019-06-27 16:00,2591,8135,3,Module 1: Course Introduction,1,completed,,1021,student21,85224,Introduction Text,1,0,Page,8135,must_mark_done,TRUE,Canvas-Sandbox-Course
321,2019-06-27 16:00,2591,8135,3,Module 1: Course Introduction,1,completed,,1021,student21,85225,Important Info Moving Foreward,2,0,Page,8135,must_mark_done,TRUE,Canvas-Sandbox-Course
322,2019-06-27 16:00,2591,8135,3,Module 1: Course Introduction,1,completed,,1021,student21,85262,Quiz 1 - Past Experience,3,1,Quiz,8135,must_submit,TRUE,Canvas-Sandbox-Course
323,,2591,8136,4,Module 2: How to Design Data,2,started,,1021,student21,85263,Designing Data,1,0,Page,8136,must_view,TRUE,Canvas-Sandbox-Course
324,,2591,8136,4,Module 2: How to Design Data,2,started,,1021,student21,85228,Talk About It.,2,0,Discussion,8136,must_contribute,FALSE,Canvas-Sandbox-Course
325,,2591,8136,4,Module 2: How to Design Data,2,started,,1021,student21,85258,a1 - Data Assignment,3,0,Assignment,8136,must_view,TRUE,Canvas-Sandbox-Course
326,,2591,8136,4,Module 2: How to Design Data,2,started,,1021,student21,85264,Generic Quiz,4,1,Quiz,8136,must_submit,TRUE,Canvas-Sandbox-Course
327,2019-06-27 16:01,2591,8137,3,Module 3: How to Design Functions,3,completed,,1021,student21,85275,Designing Functions,1,0,Page,8137,must_view,TRUE,Canvas-Sandbox-Course
328,2019-06-27 16:01,2591,8137,3,Module 3: How to Design Functions,3,completed,,1021,student21,85231,This is a pdf.pdf,2,0,File,8137,must_view,TRUE,Canvas-Sandbox-Course
329,2019-06-27 16:01,2591,8137,3,Module 3: How to Design Functions,3,completed,,1021,student21,85276,Another Quiz,3,1,Quiz,8137,must_submit,TRUE,Canvas-Sandbox-Course
330,2019-06-27 16:01,2591,8169,4,Module 4: Intro to Object Orientation,4,completed,,1021,student21,85277,OOP,1,0,Page,8169,must_view,TRUE,Canvas-Sandbox-Course
331,2019-06-27 16:01,2591,8169,4,Module 4: Intro to Object Orientation,4,completed,,1021,student21,85278,OOP (continued),2,0,Page,8169,must_view,TRUE,Canvas-Sandbox-Course
332,2019-06-27 16:01,2591,8169,4,Module 4: Intro to Object Orientation,4,completed,,1021,student21,85274,This is a pdf.pdf,3,0,File,8169,must_view,TRUE,Canvas-Sandbox-Course
333,2019-06-27 16:01,2591,8169,4,Module 4: Intro to Object Orientation,4,completed,,1021,student21,85279,a2 - Object Orientation,4,0,Assignment,8169,must_submit,TRUE,Canvas-Sandbox-Course
334,2019-06-27 16:02,2591,8170,2,Module 5: Data Hierarchies,5,completed,,1021,student21,85281,Data Hierarchies,1,0,Page,8170,must_view,TRUE,Canvas-Sandbox-Course
335,2019-06-27 16:02,2591,8170,2,Module 5: Data Hierarchies,5,completed,,1021,student21,85270,Hardest Quiz Ever -- AVERAGE SCORE KEPT,2,0,Quiz,8170,must_submit,TRUE,Canvas-Sandbox-Course
336,,2591,8171,4,Module 6: Designing Software,6,started,,1021,student21,85280,Designing Software,1,0,Page,8171,must_view,TRUE,Canvas-Sandbox-Course
337,,2591,8171,4,Module 6: Designing Software,6,started,,1021,student21,85283,Quiz 2 - 3 Attempts,2,0,Quiz,8171,must_submit,TRUE,Canvas-Sandbox-Course
338,,2591,8171,4,Module 6: Designing Software,6,started,,1021,student21,85282,Ethics Discussion Board,3,0,Discussion,8171,,,Canvas-Sandbox-Course
339,,2591,8171,4,Module 6: Designing Software,6,started,,1021,student21,85285,Nobody Has Done This Item,4,0,Page,8171,must_view,FALSE,Canvas-Sandbox-Course
340,2019-06-27 16:04,2591,8135,3,Module 1: Course Introduction,1,completed,,1022,student22,85224,Introduction Text,1,0,Page,8135,must_mark_done,TRUE,Canvas-Sandbox-Course
341,2019-06-27 16:04,2591,8135,3,Module 1: Course Introduction,1,completed,,1022,student22,85225,Important Info Moving Foreward,2,0,Page,8135,must_mark_done,TRUE,Canvas-Sandbox-Course
342,2019-06-27 16:04,2591,8135,3,Module 1: Course Introduction,1,completed,,1022,student22,85262,Quiz 1 - Past Experience,3,1,Quiz,8135,must_submit,TRUE,Canvas-Sandbox-Course
343,,2591,8136,4,Module 2: How to Design Data,2,started,,1022,student22,85263,Designing Data,1,0,Page,8136,must_view,TRUE,Canvas-Sandbox-Course
344,,2591,8136,4,Module 2: How to Design Data,2,started,,1022,student22,85228,Talk About It.,2,0,Discussion,8136,must_contribute,FALSE,Canvas-Sandbox-Course
345,,2591,8136,4,Module 2: How to Design Data,2,started,,1022,student22,85258,a1 - Data Assignment,3,0,Assignment,8136,must_view,TRUE,Canvas-Sandbox-Course
346,,2591,8136,4,Module 2: How to Design Data,2,started,,1022,student22,85264,Generic Quiz,4,1,Quiz,8136,must_submit,TRUE,Canvas-Sandbox-Course
347,2019-06-27 16:04,2591,8137,3,Module 3: How to Design Functions,3,completed,,1022,student22,85275,Designing Functions,1,0,Page,8137,must_view,TRUE,Canvas-Sandbox-Course
348,2019-06-27 16:04,2591,8137,3,Module 3: How to Design Functions,3,completed,,1022,student22,85231,This is a pdf.pdf,2,0,File,8137,must_view,TRUE,Canvas-Sandbox-Course
349,2019-06-27 16:04,2591,8137,3,Module 3: How to Design Functions,3,completed,,1022,student22,85276,Another Quiz,3,1,Quiz,8137,must_submit,TRUE,Canvas-Sandbox-Course
350,2019-06-27 16:05,2591,8169,4,Module 4: Intro to Object Orientation,4,completed,,1022,student22,85277,OOP,1,0,Page,8169,must_view,TRUE,Canvas-Sandbox-Course
351,2019-06-27 16:05,2591,8169,4,Module 4: Intro to Object Orientation,4,completed,,1022,student22,85278,OOP (continued),2,0,Page,8169,must_view,TRUE,Canvas-Sandbox-Course
352,2019-06-27 16:05,2591,8169,4,Module 4: Intro to Object Orientation,4,completed,,1022,student22,85274,This is a pdf.pdf,3,0,File,8169,must_view,TRUE,Canvas-Sandbox-Course
353,2019-06-27 16:05,2591,8169,4,Module 4: Intro to Object Orientation,4,completed,,1022,student22,85279,a2 - Object Orientation,4,0,Assignment,8169,must_submit,TRUE,Canvas-Sandbox-Course
354,2019-06-27 16:05,2591,8170,2,Module 5: Data Hierarchies,5,completed,,1022,student22,85281,Data Hierarchies,1,0,Page,8170,must_view,TRUE,Canvas-Sandbox-Course
355,2019-06-27 16:05,2591,8170,2,Module 5: Data Hierarchies,5,completed,,1022,student22,85270,Hardest Quiz Ever -- AVERAGE SCORE KEPT,2,0,Quiz,8170,must_submit,TRUE,Canvas-Sandbox-Course
356,,2591,8171,4,Module 6: Designing Software,6,started,,1022,student22,85280,Designing Software,1,0,Page,8171,must_view,TRUE,Canvas-Sandbox-Course
357,,2591,8171,4,Module 6: Designing Software,6,started,,1022,student22,85283,Quiz 2 - 3 Attempts,2,0,Quiz,8171,must_submit,TRUE,Canvas-Sandbox-Course
358,,2591,8171,4,Module 6: Designing Software,6,started,,1022,student22,85282,Ethics Discussion Board,3,0,Discussion,8171,,,Canvas-Sandbox-Course
359,,2591,8171,4,Module 6: Designing Software,6,started,,1022,student22,85285,Nobody Has Done This Item,4,0,Page,8171,must_view,FALSE,Canvas-Sandbox-Course
360,,2591,8135,3,Module 1: Course Introduction,1,started,,1023,student23,85224,Introduction Text,1,0,Page,8135,must_mark_done,TRUE,Canvas-Sandbox-Course
361,,2591,8135,3,Module 1: Course Introduction,1,started,,1023,student23,85225,Important Info Moving Foreward,2,0,Page,8135,must_mark_done,TRUE,Canvas-Sandbox-Course
362,,2591,8135,3,Module 1: Course Introduction,1,started,,1023,student23,85262,Quiz 1 - Past Experience,3,1,Quiz,8135,must_submit,FALSE,Canvas-Sandbox-Course
363,,2591,8136,4,Module 2: How to Design Data,2,started,,1023,student23,85263,Designing Data,1,0,Page,8136,must_view,FALSE,Canvas-Sandbox-Course
364,,2591,8136,4,Module 2: How to Design Data,2,started,,1023,student23,85228,Talk About It.,2,0,Discussion,8136,must_contribute,FALSE,Canvas-Sandbox-Course
365,,2591,8136,4,Module 2: How to Design Data,2,started,,1023,student23,85258,a1 - Data Assignment,3,0,Assignment,8136,must_view,TRUE,Canvas-Sandbox-Course
366,,2591,8136,4,Module 2: How to Design Data,2,started,,1023,student23,85264,Generic Quiz,4,1,Quiz,8136,must_submit,FALSE,Canvas-Sandbox-Course
367,,2591,8137,3,Module 3: How to Design Functions,3,unlocked,,1023,student23,85275,Designing Functions,1,0,Page,8137,must_view,FALSE,Canvas-Sandbox-Course
368,,2591,8137,3,Module 3: How to Design Functions,3,unlocked,,1023,student23,85231,This is a pdf.pdf,2,0,File,8137,must_view,FALSE,Canvas-Sandbox-Course
369,,2591,8137,3,Module 3: How to Design Functions,3,unlocked,,1023,student23,85276,Another Quiz,3,1,Quiz,8137,must_submit,FALSE,Canvas-Sandbox-Course
370,,2591,8169,4,Module 4: Intro to Object Orientation,4,unlocked,,1023,student23,85277,OOP,1,0,Page,8169,must_view,FALSE,Canvas-Sandbox-Course
371,,2591,8169,4,Module 4: Intro to Object Orientation,4,unlocked,,1023,student23,85278,OOP (continued),2,0,Page,8169,must_view,FALSE,Canvas-Sandbox-Course
372,,2591,8169,4,Module 4: Intro to Object Orientation,4,unlocked,,1023,student23,85274,This is a pdf.pdf,3,0,File,8169,must_view,FALSE,Canvas-Sandbox-Course
373,,2591,8169,4,Module 4: Intro to Object Orientation,4,unlocked,,1023,student23,85279,a2 - Object Orientation,4,0,Assignment,8169,must_submit,FALSE,Canvas-Sandbox-Course
374,,2591,8170,2,Module 5: Data Hierarchies,5,unlocked,,1023,student23,85281,Data Hierarchies,1,0,Page,8170,must_view,FALSE,Canvas-Sandbox-Course
375,,2591,8170,2,Module 5: Data Hierarchies,5,unlocked,,1023,student23,85270,Hardest Quiz Ever -- AVERAGE SCORE KEPT,2,0,Quiz,8170,must_submit,FALSE,Canvas-Sandbox-Course
376,,2591,8171,4,Module 6: Designing Software,6,unlocked,,1023,student23,85280,Designing Software,1,0,Page,8171,must_view,FALSE,Canvas-Sandbox-Course
377,,2591,8171,4,Module 6: Designing Software,6,unlocked,,1023,student23,85283,Quiz 2 - 3 Attempts,2,0,Quiz,8171,must_submit,FALSE,Canvas-Sandbox-Course
378,,2591,8171,4,Module 6: Designing Software,6,unlocked,,1023,student23,85282,Ethics Discussion Board,3,0,Discussion,8171,,,Canvas-Sandbox-Course
379,,2591,8171,4,Module 6: Designing Software,6,unlocked,,1023,student23,85285,Nobody Has Done This Item,4,0,Page,8171,must_view,FALSE,Canvas-Sandbox-Course
380,2019-06-27 16:07,2591,8135,3,Module 1: Course Introduction,1,completed,,1024,student24,85224,Introduction Text,1,0,Page,8135,must_mark_done,TRUE,Canvas-Sandbox-Course
381,2019-06-27 16:07,2591,8135,3,Module 1: Course Introduction,1,completed,,1024,student24,85225,Important Info Moving Foreward,2,0,Page,8135,must_mark_done,TRUE,Canvas-Sandbox-Course
382,2019-06-27 16:07,2591,8135,3,Module 1: Course Introduction,1,completed,,1024,student24,85262,Quiz 1 - Past Experience,3,1,Quiz,8135,must_submit,TRUE,Canvas-Sandbox-Course
383,,2591,8136,4,Module 2: How to Design Data,2,started,,1024,student24,85263,Designing Data,1,0,Page,8136,must_view,TRUE,Canvas-Sandbox-Course
384,,2591,8136,4,Module 2: How to Design Data,2,started,,1024,student24,85228,Talk About It.,2,0,Discussion,8136,must_contribute,FALSE,Canvas-Sandbox-Course
385,,2591,8136,4,Module 2: How to Design Data,2,started,,1024,student24,85258,a1 - Data Assignment,3,0,Assignment,8136,must_view,TRUE,Canvas-Sandbox-Course
386,,2591,8136,4,Module 2: How to Design Data,2,started,,1024,student24,85264,Generic Quiz,4,1,Quiz,8136,must_submit,FALSE,Canvas-Sandbox-Course
387,,2591,8137,3,Module 3: How to Design Functions,3,unlocked,,1024,student24,85275,Designing Functions,1,0,Page,8137,must_view,FALSE,Canvas-Sandbox-Course
388,,2591,8137,3,Module 3: How to Design Functions,3,unlocked,,1024,student24,85231,This is a pdf.pdf,2,0,File,8137,must_view,FALSE,Canvas-Sandbox-Course
389,,2591,8137,3,Module 3: How to Design Functions,3,unlocked,,1024,student24,85276,Another Quiz,3,1,Quiz,8137,must_submit,FALSE,Canvas-Sandbox-Course
390,,2591,8169,4,Module 4: Intro to Object Orientation,4,unlocked,,1024,student24,85277,OOP,1,0,Page,8169,must_view,FALSE,Canvas-Sandbox-Course
391,,2591,8169,4,Module 4: Intro to Object Orientation,4,unlocked,,1024,student24,85278,OOP (continued),2,0,Page,8169,must_view,FALSE,Canvas-Sandbox-Course
392,,2591,8169,4,Module 4: Intro to Object Orientation,4,unlocked,,1024,student24,85274,This is a pdf.pdf,3,0,File,8169,must_view,FALSE,Canvas-Sandbox-Course
393,,2591,8169,4,Module 4: Intro to Object Orientation,4,unlocked,,1024,student24,85279,a2 - Object Orientation,4,0,Assignment,8169,must_submit,FALSE,Canvas-Sandbox-Course
394,,2591,8170,2,Module 5: Data Hierarchies,5,unlocked,,1024,student24,85281,Data Hierarchies,1,0,Page,8170,must_view,FALSE,Canvas-Sandbox-Course
395,,2591,8170,2,Module 5: Data Hierarchies,5,unlocked,,1024,student24,85270,Hardest Quiz Ever -- AVERAGE SCORE KEPT,2,0,Quiz,8170,must_submit,FALSE,Canvas-Sandbox-Course
396,,2591,8171,4,Module 6: Designing Software,6,unlocked,,1024,student24,85280,Designing Software,1,0,Page,8171,must_view,FALSE,Canvas-Sandbox-Course
397,,2591,8171,4,Module 6: Designing Software,6,unlocked,,1024,student24,85283,Quiz 2 - 3 Attempts,2,0,Quiz,8171,must_submit,FALSE,Canvas-Sandbox-Course
398,,2591,8171,4,Module 6: Designing Software,6,unlocked,,1024,student24,85282,Ethics Discussion Board,3,0,Discussion,8171,,,Canvas-Sandbox-Course
399,,2591,8171,4,Module 6: Designing Software,6,unlocked,,1024,student24,85285,Nobody Has Done This Item,4,0,Page,8171,must_view,FALSE,Canvas-Sandbox-Course
400,2019-06-27 16:08,2591,8135,3,Module 1: Course Introduction,1,completed,,1025,student25,85224,Introduction Text,1,0,Page,8135,must_mark_done,TRUE,Canvas-Sandbox-Course
401,2019-06-27 16:08,2591,8135,3,Module 1: Course Introduction,1,completed,,1025,student25,85225,Important Info Moving Foreward,2,0,Page,8135,must_mark_done,TRUE,Canvas-Sandbox-Course
402,2019-06-27 16:08,2591,8135,3,Module 1: Course Introduction,1,completed,,1025,student25,85262,Quiz 1 - Past Experience,3,1,Quiz,8135,must_submit,TRUE,Canvas-Sandbox-Course
403,,2591,8136,4,Module 2: How to Design Data,2,started,,1025,student25,85263,Designing Data,1,0,Page,8136,must_view,TRUE,Canvas-Sandbox-Course
404,,2591,8136,4,Module 2: How to Design Data,2,started,,1025,student25,85228,Talk About It.,2,0,Discussion,8136,must_contribute,FALSE,Canvas-Sandbox-Course
405,,2591,8136,4,Module 2: How to Design Data,2,started,,1025,student25,85258,a1 - Data Assignment,3,0,Assignment,8136,must_view,TRUE,Canvas-Sandbox-Course
406,,2591,8136,4,Module 2: How to Design Data,2,started,,1025,student25,85264,Generic Quiz,4,1,Quiz,8136,must_submit,FALSE,Canvas-Sandbox-Course
407,,2591,8137,3,Module 3: How to Design Functions,3,unlocked,,1025,student25,85275,Designing Functions,1,0,Page,8137,must_view,FALSE,Canvas-Sandbox-Course
408,,2591,8137,3,Module 3: How to Design Functions,3,unlocked,,1025,student25,85231,This is a pdf.pdf,2,0,File,8137,must_view,FALSE,Canvas-Sandbox-Course
409,,2591,8137,3,Module 3: How to Design Functions,3,unlocked,,1025,student25,85276,Another Quiz,3,1,Quiz,8137,must_submit,FALSE,Canvas-Sandbox-Course
410,,2591,8169,4,Module 4: Intro to Object Orientation,4,unlocked,,1025,student25,85277,OOP,1,0,Page,8169,must_view,FALSE,Canvas-Sandbox-Course
411,,2591,8169,4,Module 4: Intro to Object Orientation,4,unlocked,,1025,student25,85278,OOP (continued),2,0,Page,8169,must_view,FALSE,Canvas-Sandbox-Course
412,,2591,8169,4,Module 4: Intro to Object Orientation,4,unlocked,,1025,student25,85274,This is a pdf.pdf,3,0,File,8169,must_view,FALSE,Canvas-Sandbox-Course
413,,2591,8169,4,Module 4: Intro to Object Orientation,4,unlocked,,1025,student25,85279,a2 - Object Orientation,4,0,Assignment,8169,must_submit,FALSE,Canvas-Sandbox-Course
414,,2591,8170,2,Module 5: Data Hierarchies,5,unlocked,,1025,student25,85281,Data Hierarchies,1,0,Page,8170,must_view,FALSE,Canvas-Sandbox-Course
415,,2591,8170,2,Module 5: Data Hierarchies,5,unlocked,,1025,student25,85270,Hardest Quiz Ever -- AVERAGE SCORE KEPT,2,0,Quiz,8170,must_submit,FALSE,Canvas-Sandbox-Course
416,,2591,8171,4,Module 6: Designing Software,6,unlocked,,1025,student25,85280,Designing Software,1,0,Page,8171,must_view,FALSE,Canvas-Sandbox-Course
417,,2591,8171,4,Module 6: Designing Software,6,unlocked,,1025,student25,85283,Quiz 2 - 3 Attempts,2,0,Quiz,8171,must_submit,FALSE,Canvas-Sandbox-Course
418,,2591,8171,4,Module 6: Designing Software,6,unlocked,,1025,student25,85282,Ethics Discussion Board,3,0,Discussion,8171,,,Canvas-Sandbox-Course
419,,2591,8171,4,Module 6: Designing Software,6,unlocked,,1025,student25,85285,Nobody Has Done This Item,4,0,Page,8171,must_view,FALSE,Canvas-Sandbox-Course